{
  "defaults": {
    "colours": {
      "normal_bg": "#45494e",
      "hovered_bg": "#35393e",
      "disabled_bg": "#25292e",
      "selected_bg": "#193754",
      "dark_bg": "#15191e",
      "normal_text": "#c5cbd8",
      "hovered_text": "#FFFFFF",
      "selected_text": "#FFFFFF",
      "disabled_text": "#6d736f",
      "link_text": "#0000EE",
      "link_hover": "#2020FF",
      "link_selected": "#551A8B",
      "text_shadow": "#777777",
      "normal_border": "#DDDDDD",
      "hovered_border": "#B0B0B0",
      "disabled_border": "#808080",
      "selected_border": "#8080B0",
      "active_border": "#8080B0",
      "filled_bar": "#f4251b",
      "unfilled_bar": "#CCCCCC"
    }
  },
  "label": {
    "colours": {
      "dark_bg": "#000001",
      "normal_text": "#ffffff"
    }
  },
  "text_box": {
    "colours": {
      "link_text": "#F080E0,#8080E0,0",
      "link_hover": "#FF8FEF",
      "regular_text": "#D0D0D0,#FFFFFF,#D050FF,90"
    },
    "misc": {
      "shape": "rounded_rectangle",
      "shape_corner_radius": "10",
      "border_width": "1",
      "link_normal_underline": "0",
      "link_hover_underline": "0"
    }
  },
  "text_box.vertical_scroll_bar": {
    "misc": {
      "shape": "rounded_rectangle",
      "shape_corner_radius": "9"
    }
  },
  "text_box.vertical_scroll_bar.button": {
    "misc": {
      "shape": "rounded_rectangle",
      "shape_corner_radius": "7"
    }
  },
  "text_box.horizontal_scroll_bar": {
    "misc": {
      "shape": "rounded_rectangle",
      "shape_corner_radius": "9"
    }
  },
  "text_box.horizontal_scroll_bar.button": {
    "misc": {
      "shape": "rounded_rectangle",
      "shape_corner_radius": "7"
    }
  }
}